<?xml version="1.0" encoding="UTF-8"?>
<!DOCTYPE themes PUBLIC "-//www.matthiasmann.de//TWL-Theme//EN" "http://hg.l33tlabs.org/twl/raw-file/tip/src/de/matthiasmann/twl/theme/theme.dtd">
<!--
    Copyright (c) 2007-2011, Matthias Mann
    
    All rights reserved.
    
    Redistribution and use in source and binary forms, with or without
    modification, are permitted provided that the following conditions are met:
    
        * Redistributions of source code must retain the above copyright notice,
          this list of conditions and the following disclaimer.
        * Redistributions in binary form must reproduce the above copyright
          notice, this list of conditions and the following disclaimer in the
          documentation and/or other materials provided with the distribution.
        * Neither the name of Matthias Mann nor the names of its contributors may
          be used to endorse or promote products derived from this software
          without specific prior written permission.
    
    THIS SOFTWARE IS PROVIDED BY THE COPYRIGHT HOLDERS AND CONTRIBUTORS
    "AS IS" AND ANY EXPRESS OR IMPLIED WARRANTIES, INCLUDING, BUT NOT
    LIMITED TO, THE IMPLIED WARRANTIES OF MERCHANTABILITY AND FITNESS FOR
    A PARTICULAR PURPOSE ARE DISCLAIMED. IN NO EVENT SHALL THE COPYRIGHT OWNER OR
    CONTRIBUTORS BE LIABLE FOR ANY DIRECT, INDIRECT, INCIDENTAL, SPECIAL,
    EXEMPLARY, OR CONSEQUENTIAL DAMAGES (INCLUDING, BUT NOT LIMITED TO,
    PROCUREMENT OF SUBSTITUTE GOODS OR SERVICES; LOSS OF USE, DATA, OR
    PROFITS; OR BUSINESS INTERRUPTION) HOWEVER CAUSED AND ON ANY THEORY OF
    LIABILITY, WHETHER IN CONTRACT, STRICT LIABILITY, OR TORT (INCLUDING
    NEGLIGENCE OR OTHERWISE) ARISING IN ANY WAY OUT OF THE USE OF THIS
    SOFTWARE, EVEN IF ADVISED OF THE POSSIBILITY OF SUCH DAMAGE.
-->
<!--
    Document   : simple.xml
    Created on : November 22, 2007, 9:23 PM
    Author     : Matthias Mann
    Description:
        This is a very simple looking theme using a fake 3d look and shades of gray.
        It can be used as a base for new applications / projects.
--><themes>
    <images file="simple.png" format="COLOR">
        <area name="-borderA" border="3" xywh="0,0,9,9" splitx="L3,R3" splity="T3,B3"/>
        <area name="-borderB" border="3" xywh="10,0,9,9" splitx="L3,R3" splity="T3,B3"/>
        <area name="-borderC" border="3" xywh="20,0,9,9" splitx="L3,R3" splity="T3,B3"/>
        <area name="-borderD" border="3" xywh="30,0,9,9" splitx="L3,R3" splity="T3,B3"/>
        <area name="-borderE" border="3" xywh="40,0,9,9" splitx="L3,R3" splity="T3,B3"/>
        <area name="-borderF" border="3" xywh="50,0,9,9" splitx="L3,R3" splity="T3,B3"/>
        <area name="-borderG" border="3" xywh="60,0,9,9" splitx="L3,R3" splity="T3,B3"/>
        <area name="-borderH" border="3" xywh="70,0,9,9" splitx="L3,R3" splity="T3,B3"/>
        <area name="-iconA" xywh="0,10,9,6"/>
        <area name="-iconB" xywh="0,16,10,9"/>
        <area name="-iconC" xywh="10,10,14,14"/>
        <area name="-iconD" xywh="0,25,9,6"/>
        <area name="-iconE" xywh="0,31,6,9"/>
        <area name="-iconF" xywh="6,31,6,9"/>
        <area name="-iconG" xywh="28,12,7,7"/>
        <!-- iconH icon based on famfamfam Icon "arrow_turn_right.png" -->
        <area name="-iconH" xywh="68,10,15,15"/>
        <!-- iconI icon based on famfamfam Icon "folder.png" -->
        <area name="-iconI" xywh="62,44,14,11"/>
        <!-- iconJ icon based on famfamfam Icon "key.png" -->
        <area name="-iconJ" xywh="70,26,16,16"/>
        <!-- iconK icon based on famfamfam Icon "arrow_refresh.png" -->
        <area name="-iconK" xywh="87,26,16,16"/>
        <!-- iconL icon based on famfamfam Icon "book_open.png" -->
        <area name="-iconL" xywh="77,43,16,14"/>
        <area name="-iconM" xywh="20,41,3,13"/>
        <area name="-iconN" xywh="30,20,4,4"/>
        <area name="-iconO" xywh="29,25,12,12"/>
        <area name="-iconP" xywh="42,25,12,12"/>
        <area name="-iconQ" xywh="0,51,13,3"/>
        <area name="-iconR" xywh="58,41,13,16"/>
        <area name="-gradA" xywh="0,62,128,1"/>
        <area name="-gradB" xywh="0,59,128,1"/>
        <area name="-gradC" xywh="25,21,1,1"/>
        <area name="-selH" repeatX="true" tiled="true" xywh="26,10,8,1"/>
        <area name="-selV" repeatY="true" tiled="true" xywh="26,10,1,8"/>

        <area name="white" xywh="24,4,1,1"/>
        <alias name="black" ref="white" tint="#000"/>

        <alias name="frame.resizeIcon" ref="-iconC"/>

        <area name="textarea.ul-bullet" center="true" sizeOverwriteH="20" inset="3,0,-3,0" xywh="80,0,9,9"/>
        
        <composed name="frame.resizeable-title" border="25,5,5,5">
            <alias ref="-borderA"/>
            <grid weightsX="0,1,0" weightsY="0,1" inset="4">
                <alias ref="none"/>
                <select sizeOverwriteV="18">
                    <alias ref="-gradA" if="keyboardFocus | hasOpenPopups"/>
                    <alias ref="-gradB"/>
                </select>
                <alias ref="none"/>
                <alias ref="none"/>
                <alias ref="none"/>
                <alias ref="none"/>
            </grid>
        </composed>

        <composed name="--selection">
            <grid weightsX="1" weightsY="0,1,0">
                <alias ref="-selH"/>
                <alias ref="none"/>
                <alias ref="-selH"/>
            </grid>
            <grid weightsX="0,1,0" weightsY="1">
                <alias ref="-selV"/>
                <alias ref="none"/>
                <alias ref="-selV"/>
            </grid>
        </composed>
        <alias name="-selection" ref="--selection" inset="2" if="keyboardFocus"/>

        <select name="button.background" border="6,3">
            <alias ref="-borderB" if="disabled" tint="#8fff"/>
            <alias ref="-borderE" if="armed"/>
            <alias ref="-borderB"/>
        </select>
        
        <alias name="button.overlay" ref="-selection"/>

        <select name="togglebutton.background" border="6,3">
            <alias ref="-borderC" if="disabled + selected" tint="#8fff"/>
            <alias ref="-borderB" if="disabled" tint="#8fff"/>
            <alias ref="-borderE" if="armed"/>
            <alias ref="-borderC" if="selected"/>
            <alias ref="-borderB"/>
        </select>
        <alias name="togglebutton.overlay" ref="-selection"/>

        <grid name="radiobutton.background" weightsX="0,1" weightsY="1" border="1,14,1,1">
            <select center="true">
                <composed if="selected + disabled" tint="#8fff">
                    <alias ref="-iconP"/>
                    <alias ref="-iconN" center="true"/>
                </composed>
                <alias ref="-iconO" if="disabled" tint="#8fff"/>
                <composed if="selected + armed">
                    <alias ref="-iconP"/>
                    <alias ref="-iconN" center="true"/>
                </composed>
                <alias ref="-iconP" if="armed"/>
                <composed if="selected">
                    <alias ref="-iconO"/>
                    <alias ref="-iconN" center="true"/>
                </composed>
                <alias ref="-iconO"/>
            </select>
            <alias ref="none"/>
        </grid>
        <alias name="radiobutton.overlay" ref="--selection" if="keyboardFocus" inset="1,14,1,1"/>

        <select name="valueadjuster.display.background">
            <alias ref="-borderB" if="disabled" tint="#8fff"/>
            <alias ref="-borderE" if="armed | pressed"/>
            <alias ref="-borderB"/>
        </select>
        <alias name="valueadjuster.display.overlay" ref="-selection"/>

        <alias name="-frame.closeIcon" ref="-iconB" inset="2,3,3,3"/>
        <select name="frame.closebutton.background">
            <composed if="armed">
                <alias ref="-borderE"/>
                <alias ref="-frame.closeIcon" inset="1,1,-1,-1"/>
            </composed>
            <composed>
                <alias ref="-borderB"/>
                <alias ref="-frame.closeIcon"/>
            </composed>
        </select>


        <alias name="-icon.upbutton" ref="-iconD" inset="5,3,5,4"/>
        <alias name="-icon.downbutton" ref="-iconA" inset="5,3,5,4"/>
        <alias name="-icon.leftbutton" ref="-iconE" inset="3,4,4,6"/>
        <alias name="-icon.rightbutton" ref="-iconF" inset="3,4,4,6"/>

        <alias name="scrollbar.thumb.background" ref="valueadjuster.display.background"/>
        <area name="scrollbar.background" tiled="true" xywh="12,24,16,16"/>

        <select name="vscrollbar.upbutton.background">
            <composed if="armed">
                <alias ref="-borderD"/>
                <alias ref="-icon.upbutton" inset="1,1,-1,-1"/>
            </composed>
            <composed>
                <alias ref="-borderA"/>
                <alias ref="-icon.upbutton"/>
            </composed>
        </select>
        <select name="vscrollbar.downbutton.background">
            <composed if="armed">
                <alias ref="-borderD"/>
                <alias ref="-icon.downbutton" inset="1,1,-1,-1"/>
            </composed>
            <composed>
                <alias ref="-borderA"/>
                <alias ref="-icon.downbutton"/>
            </composed>
        </select>

        <select name="hscrollbar.leftbutton.background">
            <composed if="armed">
                <alias ref="-borderD"/>
                <alias ref="-icon.leftbutton" inset="1,1,-1,-1"/>
            </composed>
            <composed>
                <alias ref="-borderA"/>
                <alias ref="-icon.leftbutton"/>
            </composed>
        </select>
        <select name="hscrollbar.rightbutton.background">
            <composed if="armed">
                <alias ref="-borderD"/>
                <alias ref="-icon.rightbutton" inset="1,1,-1,-1"/>
            </composed>
            <composed>
                <alias ref="-borderA"/>
                <alias ref="-icon.rightbutton"/>
            </composed>
        </select>

        <composed name="splitpane.splitter.background" sizeOverwriteH="9" sizeOverwriteV="9" border="0">
            <alias ref="button.background"/>
            <alias ref="-iconM" center="true" inset="0,-1,0,1"/>
        </composed>
        <composed name="splitpane.vsplitter.background" sizeOverwriteH="9" sizeOverwriteV="9" border="0">
            <alias ref="button.background"/>
            <alias ref="-iconQ" center="true" inset="-1,0,1,0"/>
        </composed>

        <select name="editfield.background">
            <alias ref="-borderE" if="readonly"/>
            <alias ref="-borderC"/>
        </select>
        <area name="-editfield.cursor" xywh="24,10,1,1"/>
        <animation name="editfield.cursor" timeSource="keyboardFocus">
            <frame ref="-editfield.cursor" duration="500"/>
            <frame ref="none" duration="500"/>
        </animation>
        <alias name="editfield.selection" ref="-gradC"/>

        <alias name="listbox.display.background" ref="-gradC" if="selected"/>
        <alias name="listbox.display.overlay" ref="-selection"/>

        <alias name="-icon.combobox" ref="-iconA" center="true"/>
        <select name="combobox.button.background" inset="2,0,2,2">
            <composed if="armed">
                <alias ref="-borderD"/>
                <alias ref="-icon.combobox" inset="1,1,-1,-1"/>
            </composed>
            <composed>
                <alias ref="-borderA"/>
                <alias ref="-icon.combobox"/>
            </composed>
        </select>
        <alias name="combobox.display.background" ref="-gradC" inset="2,2,2,0" if="comboboxKeyboardFocus"/>

        <alias name="-icon.checkbox" ref="-iconG" center="true"/>
        <select name="checkbox.background">
            <composed if="selected + armed">
                    <alias ref="-borderE"/>
                    <alias ref="-icon.checkbox"/>
                </composed>
                <composed if="selected">
                    <alias ref="-borderC"/>
                    <alias ref="-icon.checkbox"/>
                </composed>
                <alias ref="-borderE" if="armed"/>
                <alias ref="-borderC"/>
            </select>
        <alias name="checkbox.overlay" ref="-selection"/>

        <alias name="popupmenu.button.background" ref="-gradC" if="hover | armed"/>
        <area name="popupmenu.separator" inset="2" xywh="14,41,1,2"/>
        
        <alias name="buttonBox.background" ref="-borderA" inset="0,-2,-2,-2"/>

        <select name="treetable.treebutton.background" inset="2,1,0,4">
            <area unless="selected" xywh="0,41,9,9"/>
            <area xywh="10,41,9,9"/>
        </select>
        <composed name="columnHeader.background" inset="-3,0">
            <alias ref="-borderB"/>
            <grid weightsX="1,0" weightsY="1">
                <alias ref="none"/>
                <select center="true" inset="0,0,0,3">
                    <alias ref="-iconD" if="sortAscending"/>
                    <alias ref="-iconA" if="sortDescending"/>
                </select>
            </grid>
        </composed>

        <alias name="table.row.background" ref="-gradC" if="rowSelected"/>
        <alias name="table.row.overlay" ref="--selection" inset="1" if="keyboardFocus + !hasFocusedChild + leadRow"/>
        <alias name="table.row.dropmarker" ref="-gradC"/>

        <alias name="propertysheet.sublist.background" ref="-borderB"/>

        <select name="treepathdisplay.node.background">
            <alias ref="-borderE" if="armed"/>
            <alias ref="-borderD" if="hover"/>
        </select>

        <composed name="fileselector.buttonOneLevelUp.background">
            <alias ref="button.background"/>
            <select center="true">
                <alias ref="-iconH" unless="armed"/>
                <alias ref="-iconH" inset="1,1,-1,-1"/>
            </select>
        </composed>
        <composed name="fileselector.buttonHome.background">
            <alias ref="button.background"/>
            <select center="true">
                <alias ref="-iconR" unless="armed"/>
                <alias ref="-iconR" inset="1,1,-1,-1"/>
            </select>
        </composed>
        <select name="-fileselector.showbutton">
            <alias ref="-borderE" if="armed"/>
            <alias ref="-borderF" if="selected"/>
            <alias ref="-borderD" if="hover"/>
        </select>
        <composed name="fileselector.buttonShowFolders.background">
            <alias ref="-fileselector.showbutton"/>
            <alias ref="-iconI" center="true"/>
        </composed>
        <composed name="fileselector.buttonShowHidden.background">
            <alias ref="-fileselector.showbutton"/>
            <alias ref="-iconJ" center="true"/>
        </composed>
        <composed name="fileselector.buttonRefresh.background">
            <alias ref="-fileselector.showbutton"/>
            <alias ref="-iconK" center="true"/>
        </composed>
        <composed name="fileselector.buttonMRU.background">
            <alias ref="button.background"/>
            <select center="true">
                <alias ref="-iconL" unless="armed"/>
                <alias ref="-iconL" inset="1,1,-1,-1"/>
            </select>
        </composed>

        <alias name="colorselector.cursor" ref="-selH"/>
        
		
    </images>

    <include filename="cursors.xml"/>
    
    <fontDef name="normal" filename="font.fnt" color="black">
        <fontParam if="error" color="red"/>
        <fontParam if="disabled" color="gray"/>
        <fontParam if="textSelection" color="white"/>
    </fontDef>
    <fontDef name="combobox" filename="font.fnt" color="black">
        <fontParam if="comboboxKeyboardFocus" color="white"/>
    </fontDef>

    <inputMapDef name="-defaultInputMap">
        <action name="selectAll">ctrl A</action>
        <action name="cut">ctrl X</action>
        <action name="copy">ctrl C</action>
        <action name="paste">ctrl V</action>
    </inputMapDef>
    
    <theme name="-defaults">
        <param name="background"><image>none</image></param>
        <param name="overlay"><image>none</image></param>
        <param name="font"><font>normal</font></param>
        <param name="textAlignment"><enum type="alignment">left</enum></param>
        <param name="minWidth"><int>0</int></param>
        <param name="minHeight"><int>0</int></param>
        <param name="maxWidth"><int>0</int></param>
        <param name="maxHeight"><int>0</int></param>
        <param name="inputMap"><inputMap>-defaultInputMap</inputMap></param>
        <!--
            a wildcard import in the base theme allows to use
            any top level theme which has allowWildcard="true"
            as child theme in any other theme (unless overriden).
        -->
        <theme name="" ref="*"/>
    </theme>

    <!-- the fallback theme is used when the requested theme can't be found -->
    <theme name="*" ref="-defaults"/>
    <theme name="mainframe" ref="-defaults"/>
    
    
    
    
    <theme name="button" ref="-defaults" allowWildcard="true">
        <param name=""><image>button.*</image></param>
        <param name="border"><border>background.border</border></param>
        <param name="textAlignment"><enum type="alignment">center</enum></param>
    </theme>

    <theme name="togglebutton" ref="button" allowWildcard="true">
        <param name=""><image>togglebutton.*</image></param>
        <param name="border"><border>background.border</border></param>
    </theme>

    <theme name="radiobutton" ref="button" allowWildcard="true">
        <param name=""><image>radiobutton.*</image></param>
        <param name="border"><border>background.border</border></param>
    </theme>

    <theme name="checkbox" ref="-defaults" allowWildcard="true">
        <param name=""><image>checkbox.*</image></param>
        <param name="minWidth"><int>13</int></param>
        <param name="minHeight"><int>13</int></param>
    </theme>

    <theme name="label" ref="-defaults" allowWildcard="true">
    </theme>

    <theme name="editfield" ref="label" allowWildcard="true">
        <param name=""><image>editfield.*</image></param>
        <param name="border"><border>background.border</border></param>
        <param name="passwordChar"><int>0x25CF</int></param>
        <param name="maxWidth"><int>32767</int></param>
        <param name="columns"><int>5</int></param>
        <theme name="renderer" ref="label"/>
        <param name="mouseCursor"><cursor>cursor.text</cursor></param>
        <param name="autocompletion-height"><int>150</int></param>
    </theme>
    <theme name="editfield-errorinfowindow" ref="-defaults">
        <param name="background"><image>-borderG</image></param>
        <param name="border"><border>background.border</border></param>
        <theme name="label" ref="label"/>
    </theme>

    <theme name="tooltipwindow" ref="-defaults">
        <param name="background"><image>-borderG</image></param>
        <param name="border"><border>background.border</border></param>
        <param name="fadeInTime"><int>0</int></param>
        <theme name="label" ref="label"/>
    </theme>

    <theme name="hscrollbar" ref="-defaults" allowWildcard="true">
        <param name="background"><image>scrollbar.background</image></param>
        <theme name="leftbutton" ref="-defaults">
            <param name=""><image>hscrollbar.leftbutton.*</image></param>
            <param name="minWidth"><int>16</int></param>
        </theme>
        <theme name="rightbutton" ref="-defaults">
            <param name=""><image>hscrollbar.rightbutton.*</image></param>
            <param name="minWidth"><int>16</int></param>
        </theme>
        <theme name="thumb" ref="-defaults">
            <param name=""><image>scrollbar.thumb.*</image></param>
        </theme>
        <param name="scaleThumb"><bool>true</bool></param>
        <param name="minWidth"><int>48</int></param>
        <param name="minHeight"><int>16</int></param>
    </theme>

    <theme name="vscrollbar" ref="-defaults" allowWildcard="true">
        <param name="background"><image>scrollbar.background</image></param>
        <theme name="upbutton" ref="-defaults">
            <param name=""><image>vscrollbar.upbutton.*</image></param>
            <param name="minHeight"><int>16</int></param>
        </theme>
        <theme name="downbutton" ref="-defaults">
            <param name=""><image>vscrollbar.downbutton.*</image></param>
            <param name="minHeight"><int>16</int></param>
        </theme>
        <theme name="thumb" ref="-defaults">
            <param name=""><image>scrollbar.thumb.*</image></param>
        </theme>
        <param name="scaleThumb"><bool>true</bool></param>
        <param name="minWidth"><int>16</int></param>
        <param name="minHeight"><int>48</int></param>
    </theme>

    <fontDef name="listbox-display" filename="font.fnt" color="black">
        <fontParam if="selected" color="white"/>
    </fontDef>
    <theme name="listbox" ref="-defaults" allowWildcard="true">
        <param name="background"><image>-borderC</image></param>
        <param name="border"><border>background.border</border></param>
        <param name="cellHeight"><int>font.lineHeight + 4</int></param>
        <param name="cellWidth"><constant>SINGLE_COLUMN</constant></param>
        <param name="rowMajor"><bool>true</bool></param>
        <param name="fixedCellWidth"><bool>false</bool></param>
        <param name="fixedCellHeight"><bool>false</bool></param>
        <param name="maxHeight"><int>8000</int></param>
        <param name="maxWidth"><int>8000</int></param>
        <param name="minDisplayedRows"><int>1</int></param>
        <theme name="vscrollbar" ref="vscrollbar"/>
        <theme name="display" ref="label">
            <param name=""><image>listbox.display.*</image></param>
            <param name="font"><font>listbox-display</font></param>
            <param name="border"><border>2</border></param>
        </theme>
    </theme>

    <theme name="combobox" ref="-defaults" allowWildcard="true">
        <param name="background"><image>-borderC</image></param>
        <theme name="display" ref="label">
            <param name=""><image>combobox.display.*</image></param>
            <param name="border"><border>3</border></param>
            <param name="minWidth"><int>50</int></param>
            <param name="textAlignment"><enum type="alignment">left</enum></param>
            <param name="font"><font>combobox</font></param>
        </theme>
        <theme name="button" ref="-defaults">
            <param name=""><image>combobox.button.*</image></param>
            <param name="minWidth"><int>18</int></param>
        </theme>
    </theme>

    <theme name="comboboxPopup" ref="-defaults">
        <param name="background"><image>-borderH</image></param>
        <param name="border"><border>2</border></param>
        <theme name="listbox" ref="listbox">
            <param name="background"><image>none</image></param>
            <param name="border"><border>0</border></param>
            <param name="minDisplayedRows"><int>5</int></param>
        </theme>
        <param name="maxHeight"><int>150</int></param>
    </theme>

    <theme name="scrollpane" ref="-defaults" allowWildcard="true">
        <theme name="hscrollbar" ref="hscrollbar"/>
        <theme name="vscrollbar" ref="vscrollbar"/>
        <param name="minWidth"><int>100</int></param>
        <param name="minHeight"><int>100</int></param>
        <param name="maxWidth"><int>32767</int></param>
        <param name="maxHeight"><int>32767</int></param>
        <param name="hasDragButton"><bool>false</bool></param>
        <param name="autoScrollArea"><int>5</int></param>
        <param name="autoScrollSpeed"><int>10</int></param>
        <param name="scrollbarsAlwaysVisible"><bool>false</bool></param>
    </theme>

    <theme name="splitpane" ref="-defaults" allowWildcard="true">
        <theme name="splitterHorizontal" ref="button">
            <param name=""><image>splitpane.splitter.*</image></param>
            <param name="border"><border>background.border</border></param>
            <param name="mouseCursor"><cursor>cursor.resizecolumn</cursor></param>
        </theme>
        <theme name="splitterVertical" ref="button">
            <param name=""><image>splitpane.vsplitter.*</image></param>
            <param name="border"><border>background.border</border></param>
            <param name="mouseCursor"><cursor>cursor.resizerow</cursor></param>
        </theme>
    </theme>

    <theme name="dialoglayout" ref="-defaults" allowWildcard="true">
        <param name="defaultGap"><dimension>5,5</dimension></param>
        <param name="smallGap"><dimension>8,8</dimension></param>
        <param name="mediumGap"><dimension>10,10</dimension></param>
        <param name="largeGap"><dimension>15,15</dimension></param>
        <param name="namedGaps"><map/></param>
    </theme>

    <theme name="textarea" ref="-defaults" allowWildcard="true">
        <param name="background"><image>-borderC</image></param>
        <param name="border"><border>background.border</border></param>
        <param name="fonts"><map>
            <param name="default"><font>normal</font></param>
        </map></param>
        <param name="images"><map>
        </map></param>
        <param name="classes"><map>
        </map></param>
    </theme>

    <theme name="-treecellrenderer" ref="-defaults">
        <param name="treeIndent"><int>15</int></param>
        <param name="treeButtonSize"><dimension>14,11</dimension></param>
    </theme>
    <theme name="table" ref="-defaults" allowWildcard="true">
        <param name="rowHeight"><int>font.lineHeight + 6</int></param>
        <theme name="stringcellrenderer" ref="-defaults">
            <param name="font"><font>listbox-display</font></param>
            <param name="border"><border>0,3,0,0</border></param>
        </theme>
        <theme name="TreeLeafCellRenderer" ref="-treecellrenderer"/>
        <theme name="TreeNodeCellRenderer" ref="-treecellrenderer"/>
        <theme name="PropertyEditorCellRender" ref="-treecellrenderer"/>
        <theme name="PropertyListCellRenderer" ref="-treecellrenderer">
            <param name=""><image>propertysheet.sublist.*</image></param>
            <theme name="label" ref="label"/>
        </theme>
        <theme name="spanrenderer" ref="-defaults"/>
        <theme name="treeButton" ref="-defaults">
            <param name=""><image>treetable.treebutton.*</image></param>
        </theme>
        <theme name="columnHeader" ref="button">
            <param name=""><image>columnHeader.*</image></param>
        </theme>
        <param name="columnHeaderWidth"><int>256</int></param>
        <param name="columnHeaderHeight"><int>20</int></param>
        <param name="columnDividerDragableDistance"><int>3</int></param>
        <param name="columnResizeCursor"><cursor>cursor.resizecolumn</cursor></param>
        <param name="columnDivider"><image>none</image></param>
        <param name="columnWidths"><map/></param>
        <param name="ensureColumnHeaderMinWidth"><bool>true</bool></param>
        <param name="row"><image>table.row.*</image></param>
        <param name="inputMap"><inputMapDef ref="-defaultInputMap">
            <action name="toggleSelectionOnLeadRow">ctrl SPACE</action>
            <action name="selectNextRow">DOWN</action>
            <action name="selectPreviousRow">UP</action>
            <action name="selectNextPage">NEXT</action>
            <action name="selectPreviousPage">PRIOR</action>
            <action name="selectFirstRow">HOME</action>
            <action name="selectLastRow">END</action>
            <action name="extendSelectionToNextRow">shift DOWN</action>
            <action name="extendSelectionToPreviousRow">shift UP</action>
            <action name="extendSelectionToNextPage">shift NEXT</action>
            <action name="extendSelectionToPreviousPage">shift PRIOR</action>
            <action name="extendSelectionToFirstRow">shift HOME</action>
            <action name="extendSelectionToLastRow">shift END</action>
            <action name="moveLeadToNextRow">ctrl DOWN</action>
            <action name="moveLeadToPreviousRow">ctrl UP</action>
            <action name="moveLeadToNextPage">ctrl NEXT</action>
            <action name="moveLeadToPreviousPage">ctrl PRIOR</action>
            <action name="moveLeadToFirstRow">ctrl HOME</action>
            <action name="moveLeadToLastRow">ctrl END</action>
            <action name="expandLeadRow">ADD</action>
            <action name="collapseLeadRow">SUBTRACT</action>
        </inputMapDef></param>
        <theme name="ComboBoxCellRenderer">
            <param name="comboBoxHeight"><int>20</int></param>
        </theme>
        <theme name="EditFieldCellRenderer">
            <param name="editFieldHeight"><int>20</int></param>
        </theme>
    </theme>
    
    <theme name="tablesearchwindow" ref="-defaults">
        <param name="background"><image>-borderH</image></param>
        <param name="border"><border>10</border></param>
        <theme name="dialoglayout" ref="dialoglayout">
            <theme name="label" ref="label"/>
            <theme name="editfield" ref="editfield">
                <param name="columns"><int>20</int></param>
            </theme>
        </theme>
    </theme>

    <theme name="treepathdisplay" ref="-defaults" allowWildcard="true">
        <theme name="pathbox" ref="-defaults">
            <param name="spacing"><int>0</int></param>
            <theme name="node" ref="label">
                <param name=""><image>treepathdisplay.node.*</image></param>
            </theme>
            <theme name="separator" ref="label">
                <param name="mouseCursor"><cursor>cursor.text</cursor></param>
                <param name="border"><border>2,0</border></param>
            </theme>
            <param name="minHeight"><int>node.font.lineHeight + 4</int></param>
            <param name="alignment"><enum type="alignment">center</enum></param>
            <param name="mouseCursor"><cursor>cursor.text</cursor></param>
        </theme>
        <theme name="patheditfield" ref="editfield"/>
    </theme>

    <theme name="treecombobox" ref="-defaults" allowWildcard="true">
        <param name="background"><image>-borderC</image></param>
        <param name="popupThemeName"><string>treecomboboxPopup</string></param>
        <theme name="display" ref="treepathdisplay">
            <param name=""><image>combobox.display.*</image></param>
            <param name="minWidth"><int>50</int></param>
            <theme name="pathbox" merge="true">
                <param name="border"><border>3</border></param>
                <theme name="node" merge="true">
                    <param name="font"><font>combobox</font></param>
                </theme>
                <theme name="separator" merge="true">
                    <param name="font"><font>combobox</font></param>
                </theme>
            </theme>
        </theme>
        <theme name="button" ref="-defaults">
            <param name=""><image>combobox.button.*</image></param>
            <param name="minWidth"><int>18</int></param>
        </theme>
    </theme>
    <theme name="treecomboboxPopup" ref="-defaults">
        <param name="background"><image>-borderH</image></param>
        <param name="border"><border>2</border></param>
        <theme name="scrollpane" ref="scrollpane">
            <theme name="treetable" ref="table">
                <param name="background"><image>none</image></param>
                <param name="border"><border>0</border></param>
                <param name="columnHeaderHeight"><int>0</int></param>
            </theme>
        </theme>
        <param name="minHeight"><int>300</int></param>
    </theme>

    <theme name="editfieldautocompletionwindow" ref="-defaults">
        <param name="background"><image>-borderG</image></param>
        <theme name="listbox" ref="listbox"/>
    </theme>

    <theme name="fileselector" ref="dialoglayout" allowWildcard="true">
        <theme name="label" ref="label"/>
        <theme name="currentFolder" ref="treecombobox">
            <param name="maxWidth"><int>32767</int></param>
        </theme>
        <theme name="buttonUp" ref="button">
            <param name=""><image>fileselector.buttonOneLevelUp.*</image></param>
            <param name="minWidth"><int>21</int></param>
        </theme>
        <theme name="buttonHome" ref="button">
            <param name=""><image>fileselector.buttonHome.*</image></param>
            <param name="minWidth"><int>21</int></param>
        </theme>
        <theme name="buttonFoldersMRU" ref="button">
            <param name=""><image>fileselector.buttonMRU.*</image></param>
            <param name="minWidth"><int>20</int></param>
            <param name="tooltip"><string>Shows recently used folders</string></param>
        </theme>
        <theme name="buttonFilesMRU" ref="button">
            <param name=""><image>fileselector.buttonMRU.*</image></param>
            <param name="minWidth"><int>20</int></param>
            <param name="tooltip"><string>Shows recently opened files</string></param>
        </theme>
        <theme name="buttonOk" ref="button">
            <param name="text"><string>OK</string></param>
            <param name="minWidth"><int>80</int></param>
        </theme>
        <theme name="buttonCancel" ref="button">
            <param name="text"><string>Cancel</string></param>
            <param name="minWidth"><int>80</int></param>
        </theme>
        <theme name="buttonShowFolders" ref="button">
            <param name=""><image>fileselector.buttonShowFolders.*</image></param>
            <param name="tooltip"><string>Shows folders in the file table</string></param>
            <param name="minWidth"><int>20</int></param>
            <param name="minHeight"><int>20</int></param>
        </theme>
        <theme name="buttonShowHidden" ref="button">
            <param name=""><image>fileselector.buttonShowHidden.*</image></param>
            <param name="tooltip"><string>Shows hidden or system files</string></param>
            <param name="minWidth"><int>20</int></param>
            <param name="minHeight"><int>20</int></param>
        </theme>
        <theme name="buttonRefresh" ref="button">
            <param name=""><image>fileselector.buttonRefresh.*</image></param>
            <param name="tooltip"><string>Refreshes the file table</string></param>
            <param name="minWidth"><int>20</int></param>
            <param name="minHeight"><int>20</int></param>
        </theme>
        <theme name="scrollpane" ref="scrollpane">
            <param name="background"><image>-borderC</image></param>
            <param name="border"><border>2</border></param>
            <theme name="fileTable" ref="table">
                <param name="columnWidths"><map>
                    <param name="1"><int>70</int></param>
                    <param name="2"><int>80</int></param>
                    <param name="3"><int>140</int></param>
                </map></param>
            </theme>
        </theme>
        <theme name="fileFiltersBox" ref="combobox"/>
        <param name="inputMap"><inputMapDef ref="-defaultInputMap">
            <action name="goOneLevelUp">BACK</action>
            <action name="acceptSelection">RETURN</action>
        </inputMapDef></param>
        <param name="namedGaps"><map>
            <param name="buttonBarLeft"><gap/></param>
            <param name="buttonBarSpacer"><gap>20</gap></param>
            <param name="buttonBarRight"><gap>18</gap></param>
        </map></param>
    </theme>
    <theme name="fileselector-folderMRUpopup" ref="-defaults">
        <param name="background"><image>-borderH</image></param>
        <param name="border"><border>2</border></param>
        <theme name="listbox" ref="listbox">
            <param name="background"><image>none</image></param>
            <param name="border"><border>0</border></param>
        </theme>
    </theme>
    <theme name="fileselector-filesMRUpopup" ref="-defaults">
        <param name="background"><image>-borderH</image></param>
        <param name="border"><border>2</border></param>
        <theme name="dialoglayout" ref="dialoglayout">
            <theme name="listbox" ref="listbox">
                <param name="background"><image>none</image></param>
                <param name="border"><border>0</border></param>
            </theme>
            <theme name="buttonOk" ref="button">
                <param name="text"><string>OK</string></param>
                <param name="minWidth"><int>80</int></param>
            </theme>
            <theme name="buttonCancel" ref="button">
                <param name="text"><string>Cancel</string></param>
                <param name="minWidth"><int>80</int></param>
            </theme>
        </theme>
    </theme>

    <theme name="graph" ref="-defaults" allowWildcard="true">
        <param name="background"><image>-borderC</image></param>
        <param name="border"><border>background.border</border></param>
        <param name="minWidth"><int>100</int></param>
        <param name="minHeight"><int>100</int></param>
        <param name="sizeMultipleX"><int>1</int></param>
        <param name="sizeMultipleY"><int>1</int></param>
        <param name="lineStyles"><map>
            <param name="default"><map>
                <param name="color"><color>black</color></param>
                <param name="width"><float>1.0</float></param>
            </map></param>
        </map></param>
        <theme name="grapharea" ref="-defaults"/>
    </theme>

    <theme name="valueadjuster" ref="-defaults" allowWildcard="true">
        <param name="background"><image>none</image></param>
        <theme name="decButton" ref="button">
            <param name="text"><string>-</string></param>
            <param name="border"><border>0</border></param>
            <param name="minWidth"><int>16</int></param>
        </theme>
        <theme name="incButton" ref="button">
            <param name="text"><string>+</string></param>
            <param name="border"><border>0</border></param>
            <param name="minWidth"><int>16</int></param>
        </theme>
        <theme name="valueDisplay" ref="button">
            <param name=""><image>valueadjuster.display.*</image></param>
            <param name="textAlignment"><enum type="alignment">center</enum></param>
        </theme>
        <theme name="valueEdit" ref="editfield"/>
        <param name="width"><int>100</int></param>
        <param name="useMouseWheel"><bool>true</bool></param>
        <param name="displayPrefix"><string/></param>
    </theme>

    <theme name="progressbar" ref="-defaults" allowWildcard="true">
        <param name="background"><image>-borderE</image></param>
        <param name="progressImage"><image>-gradC</image></param>
        <param name="border"><border>2</border></param>
        <param name="minWidth"><int>100</int></param>
    </theme>

    <theme name="colorselector" ref="dialoglayout" allowWildcard="true">
        <theme name="label" ref="label"/>
        <theme name="colorarea1d" ref="-defaults">
            <param name="background"><image>-borderC</image></param>
            <param name="border"><border>2</border></param>
            <param name="minWidth"><int>30</int></param>
            <param name="minHeight"><int>128</int></param>
            <param name=""><image>colorselector.*</image></param>
        </theme>
        <theme name="colorarea2d" ref="-defaults">
            <param name="background"><image>-borderC</image></param>
            <param name="border"><border>2</border></param>
            <param name="minWidth"><int>128</int></param>
            <param name="minHeight"><int>128</int></param>
            <param name=""><image>colorselector.*</image></param>
        </theme>
        <theme name="valueadjuster" ref="valueadjuster">
            <param name="maxWidth"><int>32767</int></param>
        </theme>
        <theme name="previewLabel" ref="label">
            <param name="text"><string>Current color:</string></param>
        </theme>
        <theme name="preview" ref="-defaults">
            <param name="background"><image>-borderC</image></param>
            <param name="border"><border>2</border></param>
            <param name="minWidth"><int>64</int></param>
            <param name="minHeight"><int>64</int></param>
            <theme name="colorarea" ref="-defaults">
                <param name="background"><image>white</image></param>
            </theme>
        </theme>
        <theme name="hexColorEditField" ref="editfield">
            <param name="tooltip"><string>Current color in ARGB hex format</string></param>
        </theme>
    </theme>

    <theme name="resizableframe-title" ref="-defaults" allowWildcard="true">
        <param name="background"><image>frame.resizeable-title</image></param>
        <param name="border"><border>background.border</border></param>
        <param name="titleAreaTop"><int>4</int></param>
        <param name="titleAreaLeft"><int>6</int></param>
        <param name="titleAreaRight"><int>-24</int></param>
        <param name="titleAreaBottom"><int>20</int></param>
        <param name="hasCloseButton"><bool>true</bool></param>
        <param name="closeButtonX"><int>-22</int></param>
        <param name="closeButtonY"><int>6</int></param>
        <param name="hasResizeHandle"><bool>false</bool></param>
        <param name="resizeHandleX"><int>-18</int></param>
        <param name="resizeHandleY"><int>-18</int></param>
        <param name="fadeColorInactive"><color>white</color></param>
        <param name="fadeDurationActivate"><int>0</int></param>
        <param name="fadeDurationDeactivate"><int>0</int></param>
        <param name="fadeDurationShow"><int>0</int></param>
        <param name="fadeDurationHide"><int>0</int></param>
        <param name="mouseCursor"><cursor>arrow.*</cursor></param>
        <theme name="title" ref="label">
            <param name="textAlignment"><enum type="alignment">left</enum></param>
            <param name="font"><fontDef filename="font.fnt" color="white">
                <fontParam unless="keyboardFocus | hasOpenPopups" color="#d4d0c8"/>
            </fontDef></param>
        </theme>
        <theme name="closeButton" ref="button">
            <param name=""><image>frame.closebutton.*</image></param>
            <param name="minWidth"><int>16</int></param>
            <param name="minHeight"><int>14</int></param>
        </theme>
        <theme name="resizeHandle" ref="-defaults">
            <param name="background"><image>frame.resizeIcon</image></param>
        </theme>
    </theme>
    <theme name="resizableframe" ref="resizableframe-title" allowWildcard="true">
        <param name="background"><image>-borderA</image></param>
        <param name="border"><border>background.border</border></param>
        <param name="hasCloseButton"><bool>false</bool></param>
        <param name="titleAreaBottom"><int>4</int></param>
    </theme>
    <theme name="resizableframe-resizeHandle" ref="resizableframe-title" allowWildcard="true">
        <param name="hasResizeHandle"><bool>true</bool></param>
    </theme>

    <fontDef name="popupmenu-button" filename="font.fnt" color="black">
        <fontParam if="hover | armed" color="white"/>
    </fontDef>
    <theme name="popupmenu-button" ref="-defaults">
        <param name=""><image>popupmenu.button.*</image></param>
        <param name="font"><font>popupmenu-button</font></param>
        <param name="border"><border>5,2</border></param>
    </theme>
    <theme name="menumanager" ref="-defaults">
        <theme name="menupopup" ref="dialoglayout">
            <param name="background"><image>-borderA</image></param>
            <param name="border"><border>background.border</border></param>
            <theme name="button" ref="popupmenu-button"/>
            <theme name="submenu" ref="popupmenu-button"/>
            <theme name="spacer" ref="-defaults">
                <param name="background"><image>popupmenu.separator</image></param>
            </theme>
            <param name="namedGaps"><map>
                <param name="menuitem"><gap>0</gap></param>
            </map></param>
        </theme>
    </theme>

    <theme name="tabbedpane" ref="-defaults" allowWildcard="true">
        <theme name="tabbox" ref="-defaults">
            <theme name="tabbutton" ref="togglebutton"/>
            <param name="spacing"><int>0</int></param>
            <param name="alignment"><enum type="alignment">BOTTOMLEFT</enum></param>
        </theme>
        <theme name="container" ref="-defaults"/>
        <param name="inputMap"><inputMapDef>
            <action name="nextTab">CTRL TAB</action>
            <action name="prevTab">CTRL SHIFT TAB</action>
        </inputMapDef></param>
    </theme>
</themes>
